Device index,Year,DOI,CP_Mn (kg/mol),CP_Mw (kg/mol),PDI,Solvent_1,Solvent_1_bp (C),Sovlent_1_empirical_polarity (Et),Sovlent_1_normalized_polarity (Etn),Sovlent_1_Mw,Solvent_2,Solvent_2_bp (C),Sovlent_2_empirical_polarity (Et),Sovlent_2_normalized_polarity (Etn),Sovlent_2_Mw,Concentration (g/L),Insulating Matrix,IM_concentration (mg/mL),IM_Mn (kg/mol),IM_Mw (kg/mol),IM_PDI,CP_blend,Solution_Processing_Environment,Substrate_Type,Dielectric_Material_1,Dielectric_Material_1_Thickness (nm),Dielectric_Material_2,Dielectric_Material_2_Thickness (nm),Source/Drain_Electrode_Material,Chanel_Width (μm),Chanel_Length (μm),Capacitance_Per_Unit_Area (nF/cm2),Substrate_Treatment,Deposition_Type,Spin_Rate (rpm),Spin_Time (s),Blade_Speed (mm/s),Blade_Height (um),Blade_Angle (degrees),Channel_Orientation_WRT_Coating_Direction,Stage_Temperature (C),Anneal_Temperature (C),Anneal_Time (h),Annealing Environment,Deposition_Environment,OFET_Configuration,OFET_Regime,Film_Thickness (nm),Average_OFET_Hole_Mobility (cm2/Vs),STDEV_OFET_Hole Mobility (cm2/Vs),Average_OFET_Electron_Mobility (cm2/Vs),STDEV_OFET_Electron_Mobility (cm2/Vs),Vth_Hole (V),Vth_Electron (V),Ion/Ioff,Mobility_Charaterization_Environment,SS (V/Decade),Transfer_Curve _Vds,Transfer_Curve_Vg_min (V),Transfer_Curve_Vg_max (V),Output Curve_Vg_min (V),Output_Curve _Vg_max (V),Output_Curve_Vd_min (V),Output_Curve_Vd_max (V)
1,2015,DOI: 10.1021/am507759u,12,23,1.9,C2H2Cl4,146.7,39.4,0.269,167.85,NaN,NaN,NaN,NaN,NaN,7,NaN,NaN,NaN,NaN,NaN,100,Nitrogen,glass,PMMA,650,NaN,NaN,Au,500,50,3.75,Untreated,Spin-Coating,2000,60,NaN,NaN,NaN,NaN,NaN,110,1,Nitrogen,Nitrogen,TGBC,Saturation,42.5,0.0008,NaN,0.38,NaN,NaN,NaN,NaN,Ambient,NaN,100,-20,100,NaN,NaN,NaN,NaN
2,2015,DOI: 10.1021/am507759u,12,23,1.9,C2H2Cl4,146.7,39.4,0.269,167.85,NaN,NaN,NaN,NaN,NaN,3,NaN,NaN,NaN,NaN,NaN,100,Nitrogen,glass,PMMA,650,NaN,NaN,Au,500,50,3.75,Untreated,Spin-Coating,2000,60,NaN,NaN,NaN,NaN,NaN,110,1,Nitrogen,Nitrogen,TGBC,Saturation,NaN,0.0001,NaN,0.64,NaN,NaN,NaN,NaN,Ambient,NaN,100,-20,100,NaN,NaN,NaN,NaN
3,2015,DOI: 10.1021/am507759u,12,23,1.9,C2H2Cl4,146.7,39.4,0.269,167.85,NaN,NaN,NaN,NaN,NaN,1,NaN,NaN,NaN,NaN,NaN,100,Nitrogen,glass,PMMA,650,NaN,NaN,Au,500,50,3.75,Untreated,Spin-Coating,2000,60,NaN,NaN,NaN,NaN,NaN,110,1,Nitrogen,Nitrogen,TGBC,Saturation,NaN,0.0003,NaN,0.0005,NaN,NaN,NaN,NaN,Ambient,NaN,100,-20,100,NaN,NaN,NaN,NaN
4,2015,DOI: 10.1021/am507759u,12,23,1.9,C2H2Cl4,146.7,39.4,0.269,167.85,NaN,NaN,NaN,NaN,NaN,0.5,NaN,NaN,NaN,NaN,NaN,100,Nitrogen,glass,PMMA,650,NaN,NaN,Au,500,50,3.75,Untreated,Spin-Coating,2000,60,NaN,NaN,NaN,NaN,NaN,110,1,Nitrogen,Nitrogen,TGBC,Saturation,NaN,NaN,NaN,0.0001,NaN,NaN,NaN,NaN,Ambient,NaN,100,-20,100,NaN,NaN,NaN,NaN
5,2015,DOI: 10.1021/am507759u,22.5,72,3.2,C6H4Cl2,180,38,0.225,147.01,NaN,NaN,NaN,NaN,NaN,8,NaN,NaN,NaN,NaN,NaN,100,Nitrogen,glass,PMMA,650,NaN,NaN,Au,500,50,3.75,Untreated,Spin-Coating,2000,60,NaN,NaN,NaN,NaN,NaN,110,1,Nitrogen,Nitrogen,TGBC,Saturation,50,0.006,NaN,0.25,NaN,NaN,NaN,NaN,Ambient,NaN,100,-20,100,NaN,NaN,NaN,NaN
6,2015,DOI: 10.1021/am507759u,22.5,72,3.2,C2H2Cl4,146.7,39.4,0.269,167.85,NaN,NaN,NaN,NaN,NaN,7,NaN,NaN,NaN,NaN,NaN,100,Nitrogen,glass,PMMA,650,NaN,NaN,Au,500,50,3.75,Untreated,Spin-Coating,2000,60,NaN,NaN,NaN,NaN,NaN,110,1,Nitrogen,Nitrogen,TGBC,Saturation,40,0.009,NaN,0.3,NaN,NaN,NaN,NaN,Ambient,NaN,100,-20,100,NaN,NaN,NaN,NaN
7,2015,DOI: 10.1021/am507759u,22.5,72,3.2,C2H2Cl4,146.7,39.4,0.269,167.85,NaN,NaN,NaN,NaN,NaN,3,NaN,NaN,NaN,NaN,NaN,100,Nitrogen,glass,PMMA,650,NaN,NaN,Au,500,50,3.75,Untreated,Spin-Coating,2000,60,NaN,NaN,NaN,NaN,NaN,110,1,Nitrogen,Nitrogen,TGBC,Saturation,NaN,0.007,NaN,0.275,NaN,NaN,NaN,NaN,Ambient,NaN,100,-20,100,NaN,NaN,NaN,NaN
8,2015,DOI: 10.1021/am507759u,22.5,72,3.2,C2H2Cl4,146.7,39.4,0.269,167.85,NaN,NaN,NaN,NaN,NaN,1,NaN,NaN,NaN,NaN,NaN,100,Nitrogen,glass,PMMA,650,NaN,NaN,Au,500,50,3.75,Untreated,Spin-Coating,2000,60,NaN,NaN,NaN,NaN,NaN,110,1,Nitrogen,Nitrogen,TGBC,Saturation,NaN,0.001,NaN,0.0125,NaN,NaN,NaN,NaN,Ambient,NaN,100,-20,100,NaN,NaN,NaN,NaN
9,2015,DOI: 10.1021/am507759u,108.7,250,2.3,C6H4Cl2,180,38,0.225,147.01,NaN,NaN,NaN,NaN,NaN,8,NaN,NaN,NaN,NaN,NaN,100,Nitrogen,glass,PMMA,650,NaN,NaN,Au,500,50,3.75,Untreated,Spin-Coating,2000,60,NaN,NaN,NaN,NaN,NaN,110,1,Nitrogen,Nitrogen,TGBC,Saturation,50,0.01,NaN,0.23,NaN,NaN,NaN,NaN,Ambient,NaN,100,-20,100,NaN,NaN,NaN,NaN
10,2015,DOI: 10.1021/am507759u,108.7,250,2.3,C2H2Cl4,146.7,39.4,0.269,167.85,NaN,NaN,NaN,NaN,NaN,7,NaN,NaN,NaN,NaN,NaN,100,Nitrogen,glass,PMMA,650,NaN,NaN,Au,500,50,3.75,Untreated,Spin-Coating,2000,60,NaN,NaN,NaN,NaN,NaN,110,1,Nitrogen,Nitrogen,TGBC,Saturation,40,0.009,NaN,0.2,NaN,NaN,NaN,NaN,Ambient,NaN,100,-20,100,NaN,NaN,NaN,NaN
11,2015,DOI: 10.1021/am507759u,108.7,250,2.3,C2H2Cl4,146.7,39.4,0.269,167.85,NaN,NaN,NaN,NaN,NaN,3,NaN,NaN,NaN,NaN,NaN,100,Nitrogen,glass,PMMA,650,NaN,NaN,Au,500,50,3.75,Untreated,Spin-Coating,2000,60,NaN,NaN,NaN,NaN,NaN,110,1,Nitrogen,Nitrogen,TGBC,Saturation,NaN,0.006,NaN,0.15,NaN,NaN,NaN,NaN,Ambient,NaN,100,-20,100,NaN,NaN,NaN,NaN
12,2015,DOI: 10.1021/am507759u,108.7,250,2.3,C2H2Cl4,146.7,39.4,0.269,167.85,NaN,NaN,NaN,NaN,NaN,1,NaN,NaN,NaN,NaN,NaN,100,Nitrogen,glass,PMMA,650,NaN,NaN,Au,500,50,3.75,Untreated,Spin-Coating,2000,60,NaN,NaN,NaN,NaN,NaN,110,1,Nitrogen,Nitrogen,TGBC,Saturation,NaN,0.001,NaN,0.015,NaN,NaN,NaN,NaN,Ambient,NaN,100,-20,100,NaN,NaN,NaN,NaN
13,2015,DOI: 10.1021/am507759u,108.7,250,2.3,C2H2Cl4,146.7,39.4,0.269,167.85,NaN,NaN,NaN,NaN,NaN,0.5,NaN,NaN,NaN,NaN,NaN,100,Nitrogen,glass,PMMA,650,NaN,NaN,Au,500,50,3.75,Untreated,Spin-Coating,2000,60,NaN,NaN,NaN,NaN,NaN,110,1,Nitrogen,Nitrogen,TGBC,Saturation,NaN,NaN,NaN,0.0001,NaN,NaN,NaN,NaN,Nitrogen,NaN,100,-20,100,NaN,NaN,NaN,NaN
14,2017,DOI: 10.1002/adfm.201604744,10,14,1.4,C6H4Cl2,180,38,0.225,147.01,NaN,NaN,NaN,NaN,NaN,9,NaN,NaN,NaN,NaN,NaN,100,Nitrogen,silicon wafer,CYTOP,500,NaN,NaN,Au,10000,20,NaN,PEIE,Spin-Coating,2000,60,NaN,NaN,NaN,NaN,NaN,110,0.33,Nitrogen,Nitrogen,TGBC,Saturation,NaN,NaN,NaN,0.26,NaN,NaN,NaN,100000,Nitrogen,NaN,60,-20,60,0,60,0,60
15,2017,DOI: 10.1002/adfm.201604744,10,14,1.4,C6H4Cl2,180,38,0.225,147.01,NaN,NaN,NaN,NaN,NaN,9,NaN,NaN,NaN,NaN,NaN,100,Nitrogen,silicon wafer,CYTOP,500,NaN,NaN,Au,10000,10,NaN,PEIE,Spin-Coating,2000,60,NaN,NaN,NaN,NaN,NaN,110,0.33,Nitrogen,Nitrogen,TGBC,Saturation,NaN,NaN,NaN,0.3,NaN,NaN,NaN,100000,Nitrogen,NaN,60,-20,60,0,60,0,60
16,2017,DOI: 10.1002/adfm.201604744,10,14,1.4,C6H4Cl2,180,38,0.225,147.01,NaN,NaN,NaN,NaN,NaN,9,NaN,NaN,NaN,NaN,NaN,100,Nitrogen,silicon wafer,CYTOP,500,NaN,NaN,Au,10000,5,NaN,PEIE,Spin-Coating,2000,60,NaN,NaN,NaN,NaN,NaN,110,0.33,Nitrogen,Nitrogen,TGBC,Saturation,NaN,NaN,NaN,0.26,NaN,NaN,NaN,100000,Nitrogen,NaN,60,-20,60,0,60,0,60
17,2017,DOI: 10.1002/adfm.201604744,17,38,2.23,C6H4Cl2,180,38,0.225,147.01,NaN,NaN,NaN,NaN,NaN,9,NaN,NaN,NaN,NaN,NaN,100,Nitrogen,silicon wafer,CYTOP,500,NaN,NaN,Au,10000,20,NaN,PEIE,Spin-Coating,2000,60,NaN,NaN,NaN,NaN,NaN,110,0.33,Nitrogen,Nitrogen,TGBC,Saturation,NaN,NaN,NaN,0.21,NaN,NaN,NaN,NaN,Nitrogen,NaN,60,-20,60,0,60,0,60
18,2017,DOI: 10.1002/adfm.201604744,17,38,2.23,C6H4Cl2,180,38,0.225,147.01,NaN,NaN,NaN,NaN,NaN,9,NaN,NaN,NaN,NaN,NaN,100,Nitrogen,silicon wafer,CYTOP,500,NaN,NaN,Au,10000,10,NaN,PEIE,Spin-Coating,2000,60,NaN,NaN,NaN,NaN,NaN,110,0.33,Nitrogen,Nitrogen,TGBC,Saturation,NaN,NaN,NaN,0.2,NaN,NaN,NaN,NaN,Nitrogen,NaN,60,-20,60,0,60,0,60
19,2017,DOI: 10.1002/adfm.201604744,17,38,2.23,C6H4Cl2,180,38,0.225,147.01,NaN,NaN,NaN,NaN,NaN,9,NaN,NaN,NaN,NaN,NaN,100,Nitrogen,silicon wafer,CYTOP,500,NaN,NaN,Au,10000,5,NaN,PEIE,Spin-Coating,2000,60,NaN,NaN,NaN,NaN,NaN,110,0.33,Nitrogen,Nitrogen,TGBC,Saturation,NaN,NaN,NaN,0.21,NaN,NaN,NaN,NaN,Nitrogen,NaN,60,-20,60,0,60,0,60
20,2017,DOI: 10.1002/adfm.201604744,30,91,3.03,C6H4Cl2,180,38,0.225,147.01,NaN,NaN,NaN,NaN,NaN,9,NaN,NaN,NaN,NaN,NaN,100,Nitrogen,silicon wafer,CYTOP,500,NaN,NaN,Au,10000,20,NaN,PEIE,Spin-Coating,2000,60,NaN,NaN,NaN,NaN,NaN,110,0.33,Nitrogen,Nitrogen,TGBC,Saturation,NaN,NaN,NaN,0.2,NaN,NaN,NaN,NaN,Nitrogen,NaN,60,-20,60,0,60,0,60
21,2017,DOI: 10.1002/adfm.201604744,30,91,3.03,C6H4Cl2,180,38,0.225,147.01,NaN,NaN,NaN,NaN,NaN,9,NaN,NaN,NaN,NaN,NaN,100,Nitrogen,silicon wafer,CYTOP,500,NaN,NaN,Au,10000,10,NaN,PEIE,Spin-Coating,2000,60,NaN,NaN,NaN,NaN,NaN,110,0.33,Nitrogen,Nitrogen,TGBC,Saturation,NaN,NaN,NaN,0.21,NaN,NaN,NaN,NaN,Nitrogen,NaN,60,-20,60,0,60,0,60
22,2017,DOI: 10.1002/adfm.201604744,30,91,3.03,C6H4Cl2,180,38,0.225,147.01,NaN,NaN,NaN,NaN,NaN,9,NaN,NaN,NaN,NaN,NaN,100,Nitrogen,silicon wafer,CYTOP,500,NaN,NaN,Au,10000,5,NaN,PEIE,Spin-Coating,2000,60,NaN,NaN,NaN,NaN,NaN,110,0.33,Nitrogen,Nitrogen,TGBC,Saturation,NaN,NaN,NaN,0.23,NaN,NaN,NaN,NaN,Nitrogen,NaN,60,-20,60,0,60,0,60
23,2017,DOI: 10.1002/adfm.201604744,35,124,3.5,C6H4Cl2,180,38,0.225,147.01,NaN,NaN,NaN,NaN,NaN,9,NaN,NaN,NaN,NaN,NaN,100,Nitrogen,silicon wafer,CYTOP,500,NaN,NaN,Au,10000,20,NaN,PEIE,Spin-Coating,2000,60,NaN,NaN,NaN,NaN,NaN,110,0.33,Nitrogen,Nitrogen,TGBC,Saturation,NaN,NaN,NaN,0.19,NaN,NaN,NaN,NaN,Nitrogen,NaN,60,-20,60,0,60,0,60
24,2017,DOI: 10.1002/adfm.201604744,35,124,3.5,C6H4Cl2,180,38,0.225,147.01,NaN,NaN,NaN,NaN,NaN,9,NaN,NaN,NaN,NaN,NaN,100,Nitrogen,silicon wafer,CYTOP,500,NaN,NaN,Au,10000,10,NaN,PEIE,Spin-Coating,2000,60,NaN,NaN,NaN,NaN,NaN,110,0.33,Nitrogen,Nitrogen,TGBC,Saturation,NaN,NaN,NaN,0.2,NaN,NaN,NaN,NaN,Nitrogen,NaN,60,-20,60,0,60,0,60
25,2017,DOI: 10.1002/adfm.201604744,35,124,3.5,C6H4Cl2,180,38,0.225,147.01,NaN,NaN,NaN,NaN,NaN,9,NaN,NaN,NaN,NaN,NaN,100,Nitrogen,silicon wafer,CYTOP,500,NaN,NaN,Au,10000,5,NaN,PEIE,Spin-Coating,2000,60,NaN,NaN,NaN,NaN,NaN,110,0.33,Nitrogen,Nitrogen,TGBC,Saturation,NaN,NaN,NaN,0.26,NaN,NaN,NaN,NaN,Nitrogen,NaN,60,-20,60,0,60,0,60
26,2017,DOI: 10.1002/adfm.201604744,41,123,3,C6H4Cl2,180,38,0.225,147.01,NaN,NaN,NaN,NaN,NaN,9,NaN,NaN,NaN,NaN,NaN,100,Nitrogen,silicon wafer,CYTOP,500,NaN,NaN,Au,10000,20,NaN,PEIE,Spin-Coating,2000,60,NaN,NaN,NaN,NaN,NaN,110,0.33,Nitrogen,Nitrogen,TGBC,Saturation,NaN,NaN,NaN,0.15,NaN,NaN,NaN,NaN,Nitrogen,NaN,60,-20,60,0,60,0,60
27,2017,DOI: 10.1002/adfm.201604744,41,123,3,C6H4Cl2,180,38,0.225,147.01,NaN,NaN,NaN,NaN,NaN,9,NaN,NaN,NaN,NaN,NaN,100,Nitrogen,silicon wafer,CYTOP,500,NaN,NaN,Au,10000,10,NaN,PEIE,Spin-Coating,2000,60,NaN,NaN,NaN,NaN,NaN,110,0.33,Nitrogen,Nitrogen,TGBC,Saturation,NaN,NaN,NaN,0.17,NaN,NaN,NaN,NaN,Nitrogen,NaN,60,-20,60,0,60,0,60
28,2017,DOI: 10.1002/adfm.201604744,41,123,3,C6H4Cl2,180,38,0.225,147.01,NaN,NaN,NaN,NaN,NaN,9,NaN,NaN,NaN,NaN,NaN,100,Nitrogen,silicon wafer,CYTOP,500,NaN,NaN,Au,10000,5,NaN,PEIE,Spin-Coating,2000,60,NaN,NaN,NaN,NaN,NaN,110,0.33,Nitrogen,Nitrogen,TGBC,Saturation,NaN,NaN,NaN,0.22,NaN,NaN,NaN,NaN,Nitrogen,NaN,60,-20,60,0,60,0,60
29,2018,DOI: 10.1002/aelm.201700559,NaN,NaN,NaN,C8H10,139,33.1,0.074,106.16,C10H7Cl,259.3,37,0.194,162.62,15,NaN,NaN,NaN,NaN,NaN,100,Ambient,silicon wafer,CYTOP,500,NaN,NaN,Au,10000,20,NaN,PEIE,Spin-Coating,12000,60,NaN,NaN,NaN,NaN,NaN,110,0.33,Ambient,Ambient,TGBC,Saturation,NaN,NaN,NaN,0.29,NaN,NaN,5.2,5500,NaN,NaN,60,-20,60,0,60,0,60
30,2018,DOI: 10.1002/aelm.201700559,NaN,NaN,NaN,C6H4Cl2,180,38,0.225,147.01,NaN,NaN,NaN,NaN,NaN,15,NaN,NaN,NaN,NaN,NaN,100,Ambient,silicon wafer,CYTOP,500,NaN,NaN,Au,10000,20,NaN,PEIE,Spin-Coating,2000,60,NaN,NaN,NaN,NaN,NaN,110,0.33,Ambient,Ambient,TGBC,Saturation,NaN,NaN,NaN,0.21,NaN,NaN,4.8,5500,NaN,NaN,60,-20,60,0,60,0,60
31,2018,DOI: 10.1002/aelm.201700559,NaN,NaN,NaN,CHCl3,61.2,39.1,0.259,119.38,NaN,NaN,NaN,NaN,NaN,3.75,NaN,NaN,NaN,NaN,NaN,100,Ambient,silicon wafer,CYTOP,500,NaN,NaN,Au,10000,20,NaN,PEIE,Spin-Coating,1000,60,NaN,NaN,NaN,NaN,NaN,110,0.33,Ambient,Ambient,TGBC,Saturation,NaN,NaN,NaN,0.43,NaN,NaN,6.5,10000,NaN,NaN,60,-20,60,0,60,0,60
32,2018,DOI: 10.1002/aelm.201700559,NaN,NaN,NaN,C6H5Cl,132,36.8,0.188,112.56,NaN,NaN,NaN,NaN,NaN,7.5,NaN,NaN,NaN,NaN,NaN,100,Ambient,silicon wafer,CYTOP,500,NaN,NaN,Au,10000,20,NaN,PEIE,Spin-Coating,1000,60,NaN,NaN,NaN,NaN,NaN,110,0.33,Ambient,Ambient,TGBC,Saturation,NaN,NaN,NaN,0.31,NaN,NaN,5.1,55000,NaN,NaN,60,-20,60,0,60,0,60
33,2018,DOI: 10.1002/aelm.201700559,NaN,NaN,NaN,C7H8,110.6,33.9,0.099,92.14,NaN,NaN,NaN,NaN,NaN,7.5,NaN,NaN,NaN,NaN,NaN,100,Ambient,silicon wafer,CYTOP,500,NaN,NaN,Au,10000,20,NaN,PEIE,Spin-Coating,8000,60,NaN,NaN,NaN,NaN,NaN,110,0.33,Ambient,Ambient,TGBC,Saturation,NaN,NaN,NaN,0.55,NaN,NaN,6.2,100000,NaN,NaN,60,-20,60,0,60,0,60
34,2018,DOI: 10.1002/aelm.201700559,NaN,NaN,NaN,C8H10,139,33.1,0.074,106.16,NaN,NaN,NaN,NaN,NaN,15,NaN,NaN,NaN,NaN,NaN,100,Ambient,silicon wafer,CYTOP,500,NaN,NaN,Au,10000,20,NaN,PEIE,Spin-Coating,12000,60,NaN,NaN,NaN,NaN,NaN,110,0.33,Ambient,Ambient,TGBC,Saturation,NaN,NaN,NaN,0.56,NaN,NaN,5,100000,NaN,NaN,60,-20,60,0,60,0,60
35,2020,https://dx.doi.org/10.1021/acsami.0c07385,NaN,NaN,NaN,C10H7Cl,259.3,37,0.194,162.62,NaN,NaN,NaN,NaN,NaN,10,NaN,NaN,NaN,NaN,NaN,100,NaN,glass,PMMA,500,NaN,NaN,Au,NaN,NaN,NaN,PMMA,Blade coating,NaN,NaN,2,100,8,NaN,25,200,0.5,Nitrogen,NaN,TGBC,Saturation,NaN,NaN,NaN,0.05,NaN,NaN,16.69,1000,NaN,NaN,60,-10,60,0,60,0,60
36,2020,https://dx.doi.org/10.1021/acsami.0c07385,NaN,NaN,NaN,C10H7Cl,259.3,37,0.194,162.62,NaN,NaN,NaN,NaN,NaN,10,NaN,NaN,NaN,NaN,NaN,100,NaN,glass,PMMA,500,NaN,NaN,Au,NaN,NaN,NaN,PMMA,Blade coating,NaN,NaN,2,100,8,NaN,50,200,0.5,Nitrogen,NaN,TGBC,Saturation,NaN,NaN,NaN,0.07,NaN,NaN,7.17,10000,NaN,NaN,60,-10,60,0,60,0,60
37,2020,https://dx.doi.org/10.1021/acsami.0c07385,NaN,NaN,NaN,C10H7Cl,259.3,37,0.194,162.62,NaN,NaN,NaN,NaN,NaN,10,NaN,NaN,NaN,NaN,NaN,100,NaN,glass,PMMA,500,NaN,NaN,Au,NaN,NaN,NaN,PMMA,Blade coating,NaN,NaN,2,100,8,NaN,75,200,0.5,Nitrogen,NaN,TGBC,Saturation,NaN,NaN,NaN,0.28,NaN,NaN,17.78,10000,Nitrogen,NaN,60,-10,60,0,60,0,60
38,2020,https://dx.doi.org/10.1021/acsami.0c07385,NaN,NaN,NaN,C10H7Cl,259.3,37,0.194,162.62,NaN,NaN,NaN,NaN,NaN,10,NaN,NaN,NaN,NaN,NaN,100,NaN,glass,PMMA,500,NaN,NaN,Au,NaN,NaN,NaN,PMMA,Blade coating,NaN,NaN,2,100,8,NaN,100,200,0.5,Nitrogen,NaN,TGBC,Saturation,NaN,NaN,NaN,2.53,NaN,NaN,23.16,10000,Nitrogen,NaN,60,-10,60,0,60,0,60
39,2020,https://dx.doi.org/10.1021/acsami.0c07385,NaN,NaN,NaN,C10H7Cl,259.3,37,0.194,162.62,NaN,NaN,NaN,NaN,NaN,10,NaN,NaN,NaN,NaN,NaN,100,NaN,glass,PMMA,500,NaN,NaN,Au,NaN,NaN,NaN,PMMA,Blade coating,NaN,NaN,2,100,8,NaN,125,200,0.5,Nitrogen,NaN,TGBC,Saturation,NaN,NaN,NaN,0.92,NaN,NaN,20.02,10000,Nitrogen,NaN,60,-10,60,0,60,0,60
40,2020,https://dx.doi.org/10.1021/acsami.0c07385,NaN,NaN,NaN,C9H12,164.7,32.9,0.068,120.19,NaN,NaN,NaN,NaN,NaN,10,NaN,NaN,NaN,NaN,NaN,100,NaN,glass,PMMA,500,NaN,NaN,Au,NaN,NaN,NaN,PMMA,Blade coating,NaN,NaN,2,100,8,NaN,25,200,0.5,Nitrogen,NaN,TGBC,Saturation,NaN,NaN,NaN,2.03,NaN,NaN,24.52,10000,Nitrogen,NaN,60,-10,60,0,60,0,60
41,2020,https://dx.doi.org/10.1021/acsami.0c07385,NaN,NaN,NaN,C9H12,164.7,32.9,0.068,120.19,NaN,NaN,NaN,NaN,NaN,10,NaN,NaN,NaN,NaN,NaN,100,NaN,glass,PMMA,500,NaN,NaN,Au,NaN,NaN,NaN,PMMA,Blade coating,NaN,NaN,2,100,8,NaN,50,200,0.5,Nitrogen,NaN,TGBC,Saturation,NaN,NaN,NaN,0.56,NaN,NaN,20.68,10000,Nitrogen,NaN,60,-10,60,0,60,0,60
42,2020,https://dx.doi.org/10.1021/acsami.0c07385,NaN,NaN,NaN,C9H12,164.7,32.9,0.068,120.19,NaN,NaN,NaN,NaN,NaN,10,NaN,NaN,NaN,NaN,NaN,100,NaN,glass,PMMA,500,NaN,NaN,Au,NaN,NaN,NaN,PMMA,Blade coating,NaN,NaN,2,100,8,NaN,75,200,0.5,Nitrogen,NaN,TGBC,Saturation,NaN,NaN,NaN,0.2,NaN,NaN,17.25,10000,Nitrogen,NaN,60,-10,60,0,60,0,60
43,2020,https://dx.doi.org/10.1021/acsami.0c07385,NaN,NaN,NaN,C9H12,164.7,32.9,0.068,120.19,NaN,NaN,NaN,NaN,NaN,10,NaN,NaN,NaN,NaN,NaN,100,NaN,glass,PMMA,500,NaN,NaN,Au,NaN,NaN,NaN,PMMA,Blade coating,NaN,NaN,2,100,8,NaN,100,200,0.5,Nitrogen,NaN,TGBC,Saturation,NaN,NaN,NaN,0.1,NaN,NaN,15.6,10000,Nitrogen,NaN,60,-10,60,0,60,0,60
44,2020,https://dx.doi.org/10.1021/acsami.0c07385,NaN,NaN,NaN,C9H12,164.7,32.9,0.068,120.19,NaN,NaN,NaN,NaN,NaN,10,NaN,NaN,NaN,NaN,NaN,100,NaN,glass,PMMA,500,NaN,NaN,Au,NaN,NaN,NaN,PMMA,Blade coating,NaN,NaN,2,100,8,NaN,125,200,0.5,Nitrogen,NaN,TGBC,Saturation,NaN,NaN,NaN,0.08,NaN,NaN,16.5,10000,Nitrogen,NaN,60,-10,60,0,60,0,60
45,2019,DOI: 10.1021/acs.chemmater.8b05114,15.2,26.6,1.75,C6H5Cl,132,36.8,0.188,112.56,NaN,NaN,NaN,NaN,NaN,2,NaN,NaN,NaN,NaN,NaN,100,NaN,glass,PMMA,NaN,NaN,NaN,Au,1500,150,3,NaN,Spin-Coating,2000,60,NaN,NaN,NaN,NaN,NaN,220,0.5,NaN,NaN,TGBC,Saturation,NaN,NaN,NaN,0.25,NaN,NaN,12.5,10000,NaN,NaN,60,-10,60,0,60,0,60
46,2019,DOI: 10.1021/acs.chemmater.8b05114,20.5,50.43,2.46,C6H5Cl,132,36.8,0.188,112.56,NaN,NaN,NaN,NaN,NaN,2,NaN,NaN,NaN,NaN,NaN,100,NaN,glass,PMMA,NaN,NaN,NaN,Au,1500,150,3,NaN,Spin-Coating,2000,60,NaN,NaN,NaN,NaN,NaN,220,0.5,NaN,NaN,TGBC,Saturation,NaN,NaN,NaN,0.26,NaN,NaN,24.1,1000,NaN,NaN,60,-10,60,0,60,0,60
47,2019,DOI: 10.1021/acs.chemmater.8b05114,48.3,99.5,2.06,C6H5Cl,132,36.8,0.188,112.56,NaN,NaN,NaN,NaN,NaN,2,NaN,NaN,NaN,NaN,NaN,100,NaN,glass,PMMA,NaN,NaN,NaN,Au,1500,150,3,NaN,Spin-Coating,2000,60,NaN,NaN,NaN,NaN,NaN,220,0.5,NaN,NaN,TGBC,Saturation,NaN,NaN,NaN,0.33,NaN,NaN,13.9,10000,NaN,NaN,60,-10,60,0,60,0,60
48,2019,DOI: 10.1021/acs.chemmater.8b05114,103.5,236,2.28,C6H5Cl,132,36.8,0.188,112.56,NaN,NaN,NaN,NaN,NaN,2,NaN,NaN,NaN,NaN,NaN,100,NaN,glass,PMMA,NaN,NaN,NaN,Au,1500,150,3,NaN,Spin-Coating,2000,60,NaN,NaN,NaN,NaN,NaN,220,0.5,NaN,NaN,TGBC,Saturation,NaN,NaN,NaN,0.21,NaN,NaN,4.4,100000,NaN,NaN,60,-10,60,0,60,0,60
49,2019,DOI: 10.1021/acs.chemmater.8b05114,163.2,394.34,2.42,C6H5Cl,132,36.8,0.188,112.56,NaN,NaN,NaN,NaN,NaN,2,NaN,NaN,NaN,NaN,NaN,100,NaN,glass,PMMA,NaN,NaN,NaN,Au,1500,150,3,NaN,Spin-Coating,2000,60,NaN,NaN,NaN,NaN,NaN,220,0.5,NaN,NaN,TGBC,Saturation,NaN,NaN,NaN,0.12,NaN,NaN,4.5,100000,NaN,NaN,60,-10,60,0,60,0,60
50,2015,http://www.pnas.org/cgi/doi/10.1073/pnas.1501381112,NaN,NaN,NaN,C6H4Cl2,180,38,0.225,147.01,NaN,NaN,NaN,NaN,NaN,8,NaN,NaN,NaN,NaN,NaN,100,NaN,glass,PTrFE,600,NaN,NaN,Au,500,30,NaN,NaN,Spin-Coating,1000,90,NaN,NaN,NaN,NaN,NaN,120,0.5,Nitrogen,NaN,TGBC,Saturation,NaN,0.0081,NaN,0.022,NaN,NaN,NaN,NaN,Ambient,NaN,30,-60,30,NaN,NaN,NaN,NaN
51,2015,http://www.pnas.org/cgi/doi/10.1073/pnas.1501381112,NaN,NaN,NaN,C6H4Cl2,180,38,0.225,147.01,NaN,NaN,NaN,NaN,NaN,8,NaN,NaN,NaN,NaN,NaN,40,NaN,glass,PTrFE,600,NaN,NaN,Au,500,30,NaN,NaN,Spin-Coating,1000,90,NaN,NaN,NaN,NaN,NaN,120,0.5,Nitrogen,NaN,TGBC,Saturation,NaN,NaN,NaN,NaN,NaN,NaN,NaN,NaN,Ambient,NaN,30,-60,30,NaN,NaN,NaN,NaN
52,2015,http://www.pnas.org/cgi/doi/10.1073/pnas.1501381112,NaN,NaN,NaN,C6H4Cl2,180,38,0.225,147.01,NaN,NaN,NaN,NaN,NaN,8,NaN,NaN,NaN,NaN,NaN,10,NaN,glass,PTrFE,600,NaN,NaN,Au,500,30,NaN,NaN,Spin-Coating,1000,90,NaN,NaN,NaN,NaN,NaN,120,0.5,Nitrogen,NaN,TGBC,Saturation,NaN,0.0076,NaN,0.017,NaN,NaN,NaN,NaN,Ambient,NaN,30,-60,30,NaN,NaN,NaN,NaN
53,2015,http://www.pnas.org/cgi/doi/10.1073/pnas.1501381112,NaN,NaN,NaN,C6H4Cl2,180,38,0.225,147.01,NaN,NaN,NaN,NaN,NaN,8,NaN,NaN,NaN,NaN,NaN,5,NaN,glass,PTrFE,600,NaN,NaN,Au,500,30,NaN,NaN,Spin-Coating,1000,90,NaN,NaN,NaN,NaN,NaN,120,0.5,Nitrogen,NaN,TGBC,Saturation,NaN,0.027,NaN,0.09,NaN,NaN,NaN,NaN,Ambient,NaN,30,-60,30,NaN,NaN,NaN,NaN
54,2015,http://www.pnas.org/cgi/doi/10.1073/pnas.1501381112,NaN,NaN,NaN,C6H4Cl2,180,38,0.225,147.01,NaN,NaN,NaN,NaN,NaN,8,NaN,NaN,NaN,NaN,NaN,3,NaN,glass,PTrFE,600,NaN,NaN,Au,500,30,NaN,NaN,Spin-Coating,1000,90,NaN,NaN,NaN,NaN,NaN,120,0.5,Nitrogen,NaN,TGBC,Saturation,NaN,0.017,NaN,0.1,NaN,NaN,NaN,NaN,Ambient,NaN,30,-60,30,NaN,NaN,NaN,NaN
55,2015,http://www.pnas.org/cgi/doi/10.1073/pnas.1501381112,NaN,NaN,NaN,C6H4Cl2,180,38,0.225,147.01,NaN,NaN,NaN,NaN,NaN,8,NaN,NaN,NaN,NaN,NaN,2,NaN,glass,PTrFE,600,NaN,NaN,Au,500,30,NaN,NaN,Spin-Coating,1000,90,NaN,NaN,NaN,NaN,NaN,120,0.5,Nitrogen,NaN,TGBC,Saturation,NaN,0.01,NaN,0.053,NaN,NaN,NaN,NaN,Ambient,NaN,30,-60,30,NaN,NaN,NaN,NaN
56,2015,http://www.pnas.org/cgi/doi/10.1073/pnas.1501381112,NaN,NaN,NaN,C6H4Cl2,180,38,0.225,147.01,NaN,NaN,NaN,NaN,NaN,8,NaN,NaN,NaN,NaN,NaN,1,NaN,glass,PTrFE,600,NaN,NaN,Au,500,30,NaN,NaN,Spin-Coating,1000,90,NaN,NaN,NaN,NaN,NaN,120,0.5,Nitrogen,NaN,TGBC,Saturation,NaN,0.07,NaN,0.027,NaN,NaN,NaN,NaN,Ambient,NaN,30,-60,30,NaN,NaN,NaN,NaN
57,2015,http://www.pnas.org/cgi/doi/10.1073/pnas.1501381112,NaN,NaN,NaN,C6H4Cl2,180,38,0.225,147.01,NaN,NaN,NaN,NaN,NaN,8,NaN,NaN,NaN,NaN,NaN,100,NaN,glass,CYTOP,550,NaN,NaN,Au,500,30,NaN,NaN,Spin-Coating,1000,90,NaN,NaN,NaN,NaN,NaN,120,0.5,Nitrogen,NaN,TGBC,Saturation,NaN,NaN,NaN,0.3,NaN,NaN,NaN,NaN,Ambient,NaN,60,-10,60,NaN,NaN,NaN,NaN
58,2015,http://www.pnas.org/cgi/doi/10.1073/pnas.1501381112,NaN,NaN,NaN,C6H4Cl2,180,38,0.225,147.01,NaN,NaN,NaN,NaN,NaN,8,NaN,NaN,NaN,NaN,NaN,40,NaN,glass,CYTOP,550,NaN,NaN,Au,500,30,NaN,NaN,Spin-Coating,1000,90,NaN,NaN,NaN,NaN,NaN,120,0.5,Nitrogen,NaN,TGBC,Saturation,NaN,NaN,NaN,NaN,NaN,NaN,NaN,NaN,Ambient,NaN,60,-10,60,NaN,NaN,NaN,NaN
59,2015,http://www.pnas.org/cgi/doi/10.1073/pnas.1501381112,NaN,NaN,NaN,C6H4Cl2,180,38,0.225,147.01,NaN,NaN,NaN,NaN,NaN,8,NaN,NaN,NaN,NaN,NaN,10,NaN,glass,CYTOP,550,NaN,NaN,Au,500,30,NaN,NaN,Spin-Coating,1000,90,NaN,NaN,NaN,NaN,NaN,120,0.5,Nitrogen,NaN,TGBC,Saturation,NaN,NaN,NaN,0.13,NaN,NaN,NaN,NaN,Ambient,NaN,60,-10,60,NaN,NaN,NaN,NaN
60,2015,http://www.pnas.org/cgi/doi/10.1073/pnas.1501381112,NaN,NaN,NaN,C6H4Cl2,180,38,0.225,147.01,NaN,NaN,NaN,NaN,NaN,8,NaN,NaN,NaN,NaN,NaN,5,NaN,glass,CYTOP,550,NaN,NaN,Au,500,30,NaN,NaN,Spin-Coating,1000,90,NaN,NaN,NaN,NaN,NaN,120,0.5,Nitrogen,NaN,TGBC,Saturation,NaN,NaN,NaN,0.13,NaN,NaN,NaN,NaN,Ambient,NaN,60,-10,60,NaN,NaN,NaN,NaN
61,2015,http://www.pnas.org/cgi/doi/10.1073/pnas.1501381112,NaN,NaN,NaN,C6H4Cl2,180,38,0.225,147.01,NaN,NaN,NaN,NaN,NaN,8,NaN,NaN,NaN,NaN,NaN,3,NaN,glass,CYTOP,550,NaN,NaN,Au,500,30,NaN,NaN,Spin-Coating,1000,90,NaN,NaN,NaN,NaN,NaN,120,0.5,Nitrogen,NaN,TGBC,Saturation,NaN,NaN,NaN,0.1,NaN,NaN,NaN,NaN,Ambient,NaN,60,-10,60,NaN,NaN,NaN,NaN
62,2015,http://www.pnas.org/cgi/doi/10.1073/pnas.1501381112,NaN,NaN,NaN,C6H4Cl2,180,38,0.225,147.01,NaN,NaN,NaN,NaN,NaN,8,NaN,NaN,NaN,NaN,NaN,2,NaN,glass,CYTOP,550,NaN,NaN,Au,500,30,NaN,NaN,Spin-Coating,1000,90,NaN,NaN,NaN,NaN,NaN,120,0.5,Nitrogen,NaN,TGBC,Saturation,NaN,NaN,NaN,0.11,NaN,NaN,NaN,NaN,Ambient,NaN,60,-10,60,NaN,NaN,NaN,NaN
63,2015,http://www.pnas.org/cgi/doi/10.1073/pnas.1501381112,NaN,NaN,NaN,C6H4Cl2,180,38,0.225,147.01,NaN,NaN,NaN,NaN,NaN,8,NaN,NaN,NaN,NaN,NaN,1,NaN,glass,CYTOP,550,NaN,NaN,Au,500,30,NaN,NaN,Spin-Coating,1000,90,NaN,NaN,NaN,NaN,NaN,120,0.5,Nitrogen,NaN,TGBC,Saturation,NaN,NaN,NaN,0.04,NaN,NaN,NaN,NaN,Ambient,NaN,60,-10,60,NaN,NaN,NaN,NaN
64,2022,DOI:10.1002/aelm.202101324,NaN,NaN,NaN,C8H10,138.4,33.1,0.074,138.4,NaN,NaN,NaN,NaN,NaN,NaN,NaN,NaN,NaN,NaN,NaN,100,NaN,silicon wafer,SiO2,300,NaN,NaN,Au,NaN,NaN,NaN,NaN,water cast,NaN,NaN,NaN,NaN,NaN,NaN,NaN,110,NaN,Nitrogen,NaN,BGBC,Saturation,5,NaN,NaN,0.19,NaN,NaN,NaN,NaN,NaN,NaN,60,-10,60,0,60,0,60
65,2022,DOI:10.1002/aelm.202101324,NaN,NaN,NaN,C8H10,138.4,33.1,0.074,138.4,NaN,NaN,NaN,NaN,NaN,NaN,NaN,NaN,NaN,NaN,NaN,100,NaN,silicon wafer,SiO2,300,NaN,NaN,Au,NaN,NaN,NaN,NaN,water cast,NaN,NaN,NaN,NaN,NaN,NaN,NaN,110,NaN,Nitrogen,NaN,BGBC,Saturation,12,NaN,NaN,0.11,NaN,NaN,NaN,NaN,NaN,NaN,60,-10,60,0,60,0,60
66,2022,DOI:10.1002/aelm.202101324,NaN,NaN,NaN,C8H10,138.4,33.1,0.074,138.4,NaN,NaN,NaN,NaN,NaN,NaN,NaN,NaN,NaN,NaN,NaN,100,NaN,silicon wafer,SiO2,300,NaN,NaN,Au,NaN,NaN,NaN,NaN,water cast,NaN,NaN,NaN,NaN,NaN,NaN,NaN,110,NaN,Nitrogen,NaN,BGBC,Saturation,17,NaN,NaN,0.12,NaN,NaN,NaN,NaN,NaN,NaN,60,-10,60,0,60,0,60
67,2022,DOI:10.1002/aelm.202101324,NaN,NaN,NaN,C8H10,138.4,33.1,0.074,138.4,NaN,NaN,NaN,NaN,NaN,NaN,NaN,NaN,NaN,NaN,NaN,100,NaN,silicon wafer,SiO2,300,NaN,NaN,Au,NaN,NaN,NaN,NaN,water cast,NaN,NaN,NaN,NaN,NaN,NaN,NaN,110,NaN,Nitrogen,NaN,BGBC,Saturation,30,NaN,NaN,0.03,NaN,NaN,NaN,NaN,NaN,NaN,60,-10,60,0,60,0,60
68,2022,DOI:10.1002/aelm.202101324,NaN,NaN,NaN,C8H10,138.4,33.1,0.074,138.4,NaN,NaN,NaN,NaN,NaN,NaN,NaN,NaN,NaN,NaN,NaN,100,NaN,silicon wafer,CYTOP,500,NaN,NaN,Au,NaN,NaN,NaN,NaN,water cast,NaN,NaN,NaN,NaN,NaN,NaN,NaN,110,NaN,Nitrogen,NaN,TGBC,Saturation,5,NaN,NaN,0.23,NaN,NaN,NaN,NaN,NaN,NaN,60,-10,60,0,60,0,60
69,2022,DOI:10.1002/aelm.202101324,NaN,NaN,NaN,C8H10,138.4,33.1,0.074,138.4,NaN,NaN,NaN,NaN,NaN,NaN,NaN,NaN,NaN,NaN,NaN,100,NaN,silicon wafer,CYTOP,500,NaN,NaN,Au,NaN,NaN,NaN,NaN,water cast,NaN,NaN,NaN,NaN,NaN,NaN,NaN,110,NaN,Nitrogen,NaN,TGBC,Saturation,12,NaN,NaN,0.19,NaN,NaN,NaN,NaN,NaN,NaN,60,-10,60,0,60,0,60
70,2022,DOI:10.1002/aelm.202101324,NaN,NaN,NaN,C8H10,138.4,33.1,0.074,138.4,NaN,NaN,NaN,NaN,NaN,NaN,NaN,NaN,NaN,NaN,NaN,100,NaN,silicon wafer,CYTOP,500,NaN,NaN,Au,NaN,NaN,NaN,NaN,water cast,NaN,NaN,NaN,NaN,NaN,NaN,NaN,110,NaN,Nitrogen,NaN,TGBC,Saturation,17,NaN,NaN,0.13,NaN,NaN,NaN,NaN,NaN,NaN,60,-10,60,0,60,0,60
71,2022,DOI:10.1002/aelm.202101324,NaN,NaN,NaN,C8H10,138.4,33.1,0.074,138.4,NaN,NaN,NaN,NaN,NaN,NaN,NaN,NaN,NaN,NaN,NaN,100,NaN,silicon wafer,CYTOP,500,NaN,NaN,Au,NaN,NaN,NaN,NaN,water cast,NaN,NaN,NaN,NaN,NaN,NaN,NaN,110,NaN,Nitrogen,NaN,TGBC,Saturation,20,NaN,NaN,0.09,NaN,NaN,NaN,NaN,NaN,NaN,60,-10,60,0,60,0,60
72,2021,https://doi.org/10.1021/acs.macromol.1c01661,64.1,132.69,2.07,C6H5Cl,132,36.8,0.188,112.56,NaN,NaN,NaN,NaN,NaN,8,NaN,NaN,NaN,NaN,NaN,100,NaN,NaN,CYTOP,500,NaN,NaN,Au,10000,20,3.7,PEIE,Spin-Coating,NaN,NaN,NaN,NaN,NaN,NaN,NaN,180,0.33,Nitrogen,NaN,TGBC,Saturation,NaN,NaN,NaN,0.385,NaN,NaN,2.52,NaN,Nitrogen,NaN,NaN,NaN,NaN,NaN,NaN,NaN,NaN
73,2021,https://doi.org/10.1021/acs.macromol.1c01661,64.1,132.69,2.07,C6H5Cl,132,36.8,0.188,112.56,NaN,NaN,NaN,NaN,NaN,8,PS,8,32.4,33.37,1.03,87.5,NaN,NaN,CYTOP,500,NaN,NaN,Au,10000,20,3.7,PEIE,Spin-Coating,NaN,NaN,NaN,NaN,NaN,NaN,NaN,180,0.33,Nitrogen,NaN,TGBC,Saturation,NaN,NaN,NaN,0.3025,NaN,NaN,1.22,NaN,Nitrogen,NaN,NaN,NaN,NaN,NaN,NaN,NaN,NaN
74,2021,https://doi.org/10.1021/acs.macromol.1c01661,64.1,132.69,2.07,C6H5Cl,132,36.8,0.188,112.56,NaN,NaN,NaN,NaN,NaN,8,PS,8,32.4,33.37,1.03,75,NaN,NaN,CYTOP,500,NaN,NaN,Au,10000,20,3.7,PEIE,Spin-Coating,NaN,NaN,NaN,NaN,NaN,NaN,NaN,180,0.33,Nitrogen,NaN,TGBC,Saturation,NaN,NaN,NaN,0.27,NaN,NaN,1.26,NaN,Nitrogen,NaN,NaN,NaN,NaN,NaN,NaN,NaN,NaN
75,2021,https://doi.org/10.1021/acs.macromol.1c01661,64.1,132.69,2.07,C6H5Cl,132,36.8,0.188,112.56,NaN,NaN,NaN,NaN,NaN,8,PS,8,32.4,33.37,1.03,62.5,NaN,NaN,CYTOP,500,NaN,NaN,Au,10000,20,3.7,PEIE,Spin-Coating,NaN,NaN,NaN,NaN,NaN,NaN,NaN,180,0.33,Nitrogen,NaN,TGBC,Saturation,NaN,NaN,NaN,0.2286,NaN,NaN,3.94,NaN,Nitrogen,NaN,NaN,NaN,NaN,NaN,NaN,NaN,NaN
76,2021,https://doi.org/10.1021/acs.macromol.1c01661,64.1,132.69,2.07,C6H5Cl,132,36.8,0.188,112.56,NaN,NaN,NaN,NaN,NaN,8,PS,8,32.4,33.37,1.03,50,NaN,NaN,CYTOP,500,NaN,NaN,Au,10000,20,3.7,PEIE,Spin-Coating,NaN,NaN,NaN,NaN,NaN,NaN,NaN,180,0.33,Nitrogen,NaN,TGBC,Saturation,NaN,NaN,NaN,0.1886,NaN,NaN,2.38,NaN,Nitrogen,NaN,NaN,NaN,NaN,NaN,NaN,NaN,NaN
77,2021,https://doi.org/10.1021/acs.macromol.1c01661,64.1,132.69,2.07,C6H5Cl,132,36.8,0.188,112.56,NaN,NaN,NaN,NaN,NaN,8,PS,8,32.4,33.37,1.03,37.5,NaN,NaN,CYTOP,500,NaN,NaN,Au,10000,20,3.7,PEIE,Spin-Coating,NaN,NaN,NaN,NaN,NaN,NaN,NaN,180,0.33,Nitrogen,NaN,TGBC,Saturation,NaN,NaN,NaN,0.1763,NaN,NaN,3.26,NaN,Nitrogen,NaN,NaN,NaN,NaN,NaN,NaN,NaN,NaN
78,2021,https://doi.org/10.1021/acs.macromol.1c01661,64.1,132.69,2.07,C6H5Cl,132,36.8,0.188,112.56,NaN,NaN,NaN,NaN,NaN,8,PS,8,32.4,33.37,1.03,25,NaN,NaN,CYTOP,500,NaN,NaN,Au,10000,20,3.7,PEIE,Spin-Coating,NaN,NaN,NaN,NaN,NaN,NaN,NaN,180,0.33,Nitrogen,NaN,TGBC,Saturation,NaN,NaN,NaN,0.0981,NaN,NaN,2.23,NaN,Nitrogen,NaN,NaN,NaN,NaN,NaN,NaN,NaN,NaN
79,2021,https://doi.org/10.1021/acs.macromol.1c01661,64.1,132.69,2.07,C6H5Cl,132,36.8,0.188,112.56,NaN,NaN,NaN,NaN,NaN,8,PS,8,32.4,33.37,1.03,12.5,NaN,NaN,CYTOP,500,NaN,NaN,Au,10000,20,3.7,PEIE,Spin-Coating,NaN,NaN,NaN,NaN,NaN,NaN,NaN,180,0.33,Nitrogen,NaN,TGBC,Saturation,NaN,NaN,NaN,0.0253,NaN,NaN,5.54,NaN,Nitrogen,NaN,NaN,NaN,NaN,NaN,NaN,NaN,NaN
80,2021,https://doi.org/10.1021/acs.macromol.1c01661,64.1,132.69,2.07,C6H5Cl,132,36.8,0.188,112.56,NaN,NaN,NaN,NaN,NaN,8,PS,8,32.4,33.37,1.03,6.25,NaN,NaN,CYTOP,500,NaN,NaN,Au,10000,20,3.7,PEIE,Spin-Coating,NaN,NaN,NaN,NaN,NaN,NaN,NaN,180,0.33,Nitrogen,NaN,TGBC,Saturation,NaN,NaN,NaN,0.0087,NaN,NaN,14.73,NaN,Nitrogen,NaN,NaN,NaN,NaN,NaN,NaN,NaN,NaN
81,2021,https://doi.org/10.1021/acs.macromol.1c01661,64.1,132.69,2.07,C6H5Cl,132,36.8,0.188,112.56,NaN,NaN,NaN,NaN,NaN,8,PS,8,32.4,33.37,1.03,3.75,NaN,NaN,CYTOP,500,NaN,NaN,Au,10000,20,3.7,PEIE,Spin-Coating,NaN,NaN,NaN,NaN,NaN,NaN,NaN,180,0.33,Nitrogen,NaN,TGBC,Saturation,NaN,NaN,NaN,0.0076,NaN,NaN,13.91,NaN,Nitrogen,NaN,NaN,NaN,NaN,NaN,NaN,NaN,NaN
82,2021,https://doi.org/10.1021/acs.macromol.1c01661,64.1,132.69,2.07,C6H5Cl,132,36.8,0.188,112.56,NaN,NaN,NaN,NaN,NaN,8,PS,8,32.4,33.37,1.03,1.25,NaN,NaN,CYTOP,500,NaN,NaN,Au,10000,20,3.7,PEIE,Spin-Coating,NaN,NaN,NaN,NaN,NaN,NaN,NaN,180,0.33,Nitrogen,NaN,TGBC,Saturation,NaN,NaN,NaN,0.0015,NaN,NaN,7.58,NaN,Nitrogen,NaN,NaN,NaN,NaN,NaN,NaN,NaN,NaN
83,2021,https://doi.org/10.1021/acs.macromol.1c01661,64.1,132.69,2.07,C6H5Cl,132,36.8,0.188,112.56,NaN,NaN,NaN,NaN,NaN,8,PS,8,32.4,33.37,1.03,0.625,NaN,NaN,CYTOP,500,NaN,NaN,Au,10000,20,3.7,PEIE,Spin-Coating,NaN,NaN,NaN,NaN,NaN,NaN,NaN,180,0.33,Nitrogen,NaN,TGBC,Saturation,NaN,NaN,NaN,0.0023,NaN,NaN,0.23,NaN,Nitrogen,NaN,NaN,NaN,NaN,NaN,NaN,NaN,NaN
84,2021,https://doi.org/10.1021/acs.macromol.1c01661,64.1,132.69,2.07,C6H5Cl,132,36.8,0.188,112.56,NaN,NaN,NaN,NaN,NaN,8,PS,8,32.4,33.37,1.03,0.25,NaN,NaN,CYTOP,500,NaN,NaN,Au,10000,20,3.7,PEIE,Spin-Coating,NaN,NaN,NaN,NaN,NaN,NaN,NaN,180,0.33,Nitrogen,NaN,TGBC,Saturation,NaN,NaN,NaN,NaN,NaN,NaN,NaN,NaN,Nitrogen,NaN,NaN,NaN,NaN,NaN,NaN,NaN,NaN
85,2021,https://doi.org/10.1021/acs.macromol.1c01661,64.1,132.69,2.07,C6H5Cl,132,36.8,0.188,112.56,NaN,NaN,NaN,NaN,NaN,8,PS,8,32.4,33.37,1.03,0.125,NaN,NaN,CYTOP,500,NaN,NaN,Au,10000,20,3.7,PEIE,Spin-Coating,NaN,NaN,NaN,NaN,NaN,NaN,NaN,180,0.33,Nitrogen,NaN,TGBC,Saturation,NaN,NaN,NaN,NaN,NaN,NaN,NaN,NaN,Nitrogen,NaN,NaN,NaN,NaN,NaN,NaN,NaN,NaN
86,2015,https://doi.org/10.1021/acs.chemmater.5b03775,NaN,NaN,NaN,C6H5Cl,132,36.8,0.188,112.56,NaN,NaN,NaN,NaN,NaN,10,NaN,NaN,NaN,NaN,NaN,100,NaN,glass,PMMA,500,NaN,NaN,Au,10000,20,NaN,NaN,Spin-Coating,1500,NaN,NaN,NaN,NaN,orthogonal,NaN,200,NaN,Nitrogen,Nitrogen,TGBC,Saturation,40,NaN,NaN,0.12,NaN,NaN,NaN,NaN,Nitrogen,NaN,80,-10,80,NaN,NaN,NaN,NaN
87,2015,https://doi.org/10.1021/acs.chemmater.5b03775,NaN,NaN,NaN,C6H5Cl,132,36.8,0.188,112.56,NaN,NaN,NaN,NaN,NaN,10,NaN,NaN,NaN,NaN,NaN,100,NaN,glass,PMMA,500,NaN,NaN,Au,10000,20,NaN,NaN,Spin-Coating,1500,NaN,NaN,NaN,NaN,parallel,NaN,200,NaN,Nitrogen,Nitrogen,TGBC,Saturation,40,NaN,NaN,0.6,NaN,NaN,NaN,NaN,Nitrogen,NaN,80,-10,80,NaN,NaN,NaN,NaN
88,2015,https://doi.org/10.1021/acs.chemmater.5b03775,NaN,NaN,NaN,C7H8,110.6,33.9,0.099,92.14,NaN,NaN,NaN,NaN,NaN,10,NaN,NaN,NaN,NaN,NaN,100,NaN,glass,PMMA,500,NaN,NaN,Au,10000,20,NaN,NaN,Spin-Coating,1500,NaN,NaN,NaN,NaN,orthogonal,NaN,200,NaN,Nitrogen,Nitrogen,TGBC,Saturation,40,NaN,NaN,0.11,NaN,NaN,NaN,NaN,Nitrogen,NaN,80,-10,80,NaN,NaN,NaN,NaN
89,2015,https://doi.org/10.1021/acs.chemmater.5b03775,NaN,NaN,NaN,C7H8,110.6,33.9,0.099,92.14,NaN,NaN,NaN,NaN,NaN,10,NaN,NaN,NaN,NaN,NaN,100,NaN,glass,PMMA,500,NaN,NaN,Au,10000,20,NaN,NaN,Spin-Coating,1500,NaN,NaN,NaN,NaN,parallel,NaN,200,NaN,Nitrogen,Nitrogen,TGBC,Saturation,40,NaN,NaN,0.95,NaN,NaN,NaN,NaN,Nitrogen,NaN,80,-10,80,NaN,NaN,NaN,NaN
90,2010,https://doi.org/10.1063/1.3424792,NaN,NaN,NaN,C6H4Cl2,180,38,0.225,147.01,NaN,NaN,NaN,NaN,NaN,9,NaN,NaN,NaN,NaN,NaN,100,NaN,glass,CYTOP,450,NaN,NaN,Au,1000,21.5,NaN,NaN,Spin-Coating,1000,90,NaN,NaN,NaN,NaN,NaN,110,5,NaN,NaN,TGBC,Saturation,160,NaN,NaN,2.5,NaN,NaN,NaN,NaN,NaN,NaN,60,-20,60,0,60,0,60
91,2013,https://doi.org/10.1038/srep03425,NaN,NaN,NaN,C9H12,164.7,32.9,0.068,120.19,NaN,NaN,NaN,NaN,NaN,5,NaN,NaN,NaN,NaN,NaN,100,NaN,glass or silicon wafer,PMMA,660,NaN,NaN,Au,10000,20,4.8,NaN,Spin-Coating,1000,60,NaN,NaN,NaN,NaN,NaN,120,14,Nitrogen,Nitrogen,TGBC,linear,NaN,NaN,NaN,0.242,0.08,NaN,NaN,NaN,NaN,NaN,50,-10,50,NaN,NaN,NaN,NaN
92,2013,https://doi.org/10.1038/srep03425,NaN,NaN,NaN,C9H12,164.7,32.9,0.068,120.19,NaN,NaN,NaN,NaN,NaN,5,NaN,NaN,NaN,NaN,NaN,100,NaN,glass or silicon wafer,PMMA,660,NaN,NaN,Au,10000,20,4.8,NaN,Spin-Coating,1000,60,NaN,NaN,NaN,NaN,NaN,120,14,Nitrogen,Nitrogen,TGBC,Saturation,NaN,NaN,NaN,0.75,0.495,NaN,NaN,NaN,NaN,NaN,50,-10,50,NaN,NaN,NaN,NaN
93,2013,https://doi.org/10.1038/srep03425,NaN,NaN,NaN,C7H8,110.6,33.9,0.099,92.14,NaN,NaN,NaN,NaN,NaN,5,NaN,NaN,NaN,NaN,NaN,100,NaN,glass or silicon wafer,PMMA,660,NaN,NaN,Au,10000,20,4.8,NaN,Spin-Coating,1000,60,NaN,NaN,NaN,NaN,NaN,120,14,Nitrogen,Nitrogen,TGBC,linear,NaN,NaN,NaN,0.279,0.109,NaN,NaN,NaN,NaN,NaN,50,-10,50,NaN,NaN,NaN,NaN
94,2013,https://doi.org/10.1038/srep03425,NaN,NaN,NaN,C7H8,110.6,33.9,0.099,92.14,NaN,NaN,NaN,NaN,NaN,5,NaN,NaN,NaN,NaN,NaN,100,NaN,glass or silicon wafer,PMMA,660,NaN,NaN,Au,10000,20,4.8,NaN,Spin-Coating,1000,60,NaN,NaN,NaN,NaN,NaN,120,14,Nitrogen,Nitrogen,TGBC,Saturation,NaN,NaN,NaN,0.73,0.37,NaN,NaN,NaN,NaN,NaN,50,-10,50,NaN,NaN,NaN,NaN
95,2013,https://doi.org/10.1038/srep03425,NaN,NaN,NaN,C6H4Cl2,180,38,0.225,147.01,NaN,NaN,NaN,NaN,NaN,9,NaN,NaN,NaN,NaN,NaN,100,NaN,glass or silicon wafer,PMMA,660,NaN,NaN,Au,10000,20,4.8,NaN,Spin-Coating,1000,60,NaN,NaN,NaN,NaN,NaN,120,14,Nitrogen,Nitrogen,TGBC,linear,NaN,NaN,NaN,0.071,0.025,NaN,NaN,NaN,NaN,NaN,50,-10,50,NaN,NaN,NaN,NaN
96,2013,https://doi.org/10.1038/srep03425,NaN,NaN,NaN,C6H4Cl2,180,38,0.225,147.01,NaN,NaN,NaN,NaN,NaN,9,NaN,NaN,NaN,NaN,NaN,100,NaN,glass or silicon wafer,PMMA,660,NaN,NaN,Au,10000,20,4.8,NaN,Spin-Coating,1000,60,NaN,NaN,NaN,NaN,NaN,120,14,Nitrogen,Nitrogen,TGBC,Saturation,NaN,NaN,NaN,0.095,0.05,NaN,NaN,NaN,NaN,NaN,50,-10,50,NaN,NaN,NaN,NaN
97,2013,https://doi.org/10.1038/srep03425,NaN,NaN,NaN,C10H7Cl,259.3,37,0.194,162.62,CHCl3,61.2,39.1,0.259,119.38,10,NaN,NaN,NaN,NaN,NaN,100,NaN,glass or silicon wafer,PMMA,660,NaN,NaN,Au,10000,20,4.8,NaN,Spin-Coating,1000,60,NaN,NaN,NaN,NaN,NaN,120,14,Nitrogen,Nitrogen,TGBC,linear,NaN,NaN,NaN,0.015,0.005,NaN,NaN,NaN,NaN,NaN,50,-10,50,NaN,NaN,NaN,NaN
98,2013,https://doi.org/10.1038/srep03425,NaN,NaN,NaN,C10H7Cl,259.3,37,0.194,162.62,CHCl3,61.2,39.1,0.259,119.38,10,NaN,NaN,NaN,NaN,NaN,100,NaN,glass or silicon wafer,PMMA,660,NaN,NaN,Au,10000,20,4.8,NaN,Spin-Coating,1000,60,NaN,NaN,NaN,NaN,NaN,120,14,Nitrogen,Nitrogen,TGBC,Saturation,NaN,NaN,NaN,0.02,0.005,NaN,NaN,NaN,NaN,NaN,50,-10,50,NaN,NaN,NaN,NaN
99,2014,https://doi.org/10.1039/C4TC00390J,46,82.8,1.8,C6H4Cl2,180,38,0.225,147.01,NaN,NaN,NaN,NaN,NaN,8,NaN,NaN,NaN,NaN,NaN,100,Nitrogen,glass,CYTOP,NaN,NaN,NaN,Au,500,50,3.5,NaN,Spin-Coating,NaN,NaN,NaN,NaN,NaN,NaN,NaN,NaN,NaN,NaN,ambient,TGBC,Saturation,NaN,NaN,NaN,0.15,NaN,NaN,NaN,1000000,Ambient,NaN,60,-60,60,0,60,0,60
100,2014,https://doi.org/10.1039/C4TC00390J,10.2,48,4.7,C6H4Cl2,180,38,0.225,147.01,NaN,NaN,NaN,NaN,NaN,8,NaN,NaN,NaN,NaN,NaN,100,Nitrogen,glass,CYTOP,NaN,NaN,NaN,Au,500,50,3.5,NaN,Spin-Coating,NaN,NaN,NaN,NaN,NaN,NaN,NaN,NaN,NaN,NaN,ambient,TGBC,Saturation,NaN,NaN,NaN,0.195,NaN,NaN,NaN,1000000,Ambient,NaN,60,-60,60,0,60,0,60
101,2014,https://doi.org/10.1039/C4TC00390J,46,82.8,1.8,C8H10,138.4,33.1,0.074,138.4,NaN,NaN,NaN,NaN,NaN,0.01,NaN,NaN,NaN,NaN,NaN,100,NaN,PET,CYTOP,2000,NaN,NaN,Au,30000,20,3.5,NaN,Role to role,NaN,NaN,3,NaN,NaN,NaN,NaN,110,5,NaN,NaN,TGBC,linear,NaN,NaN,NaN,0.037,NaN,NaN,22.8,1250,NaN,NaN,60,-60,60,0,60,0,60
102,2014,https://doi.org/10.1039/C4TC00390J,46,82.8,1.8,C8H10,138.4,33.1,0.074,138.4,NaN,NaN,NaN,NaN,NaN,0.01,NaN,NaN,NaN,NaN,NaN,100,NaN,PET,CYTOP,2000,NaN,NaN,Au,30000,20,3.5,PEIE,Role to role,NaN,NaN,3,NaN,NaN,NaN,NaN,110,5,NaN,NaN,TGBC,linear,NaN,NaN,NaN,0.086,NaN,NaN,10.6,30,NaN,NaN,60,-60,60,0,60,0,60
103,2014,https://doi.org/10.1039/C4TC00390J,46,82.8,1.8,C8H10,138.4,33.1,0.074,138.4,NaN,NaN,NaN,NaN,NaN,0.01,NaN,NaN,NaN,NaN,NaN,100,NaN,PET,CYTOP,2000,NaN,NaN,Au,30000,20,3.5,NaN,Role to role,NaN,NaN,3,NaN,NaN,NaN,NaN,110,5,NaN,NaN,TGBC,Saturation,NaN,NaN,NaN,0.075,NaN,NaN,22.8,1250,NaN,NaN,60,-60,60,0,60,0,60
104,2014,https://doi.org/10.1039/C4TC00390J,46,82.8,1.8,C8H10,138.4,33.1,0.074,138.4,NaN,NaN,NaN,NaN,NaN,0.01,NaN,NaN,NaN,NaN,NaN,100,NaN,PET,CYTOP,2000,NaN,NaN,Au,30000,20,3.5,PEIE,Role to role,NaN,NaN,3,NaN,NaN,NaN,NaN,110,5,NaN,NaN,TGBC,Saturation,NaN,NaN,NaN,0.08,NaN,NaN,10.6,30,NaN,NaN,60,-60,60,0,60,0,60
105,2014,https://doi.org/10.1039/C4TC00390J,10.2,48,4.7,C8H10,138.4,33.1,0.074,138.4,NaN,NaN,NaN,NaN,NaN,0.01,NaN,NaN,NaN,NaN,NaN,100,NaN,PET,CYTOP,2000,NaN,NaN,Au,30000,20,3.5,NaN,Role to role,NaN,NaN,3,NaN,NaN,NaN,NaN,110,5,NaN,NaN,TGBC,linear,NaN,NaN,NaN,0.035,NaN,NaN,20,2003,NaN,NaN,60,-60,60,0,60,0,60
106,2014,https://doi.org/10.1039/C4TC00390J,10.2,48,4.7,C8H10,138.4,33.1,0.074,138.4,NaN,NaN,NaN,NaN,NaN,0.01,NaN,NaN,NaN,NaN,NaN,100,NaN,PET,CYTOP,2000,NaN,NaN,Au,30000,20,3.5,PEIE,Role to role,NaN,NaN,3,NaN,NaN,NaN,NaN,110,5,NaN,NaN,TGBC,linear,NaN,NaN,NaN,0.08,NaN,NaN,9.9,61,NaN,NaN,60,-60,60,0,60,0,60
107,2014,https://doi.org/10.1039/C4TC00390J,10.2,48,4.7,C8H10,138.4,33.1,0.074,138.4,NaN,NaN,NaN,NaN,NaN,0.01,NaN,NaN,NaN,NaN,NaN,100,NaN,PET,CYTOP,2000,NaN,NaN,Au,30000,20,3.5,NaN,Role to role,NaN,NaN,3,NaN,NaN,NaN,NaN,110,5,NaN,NaN,TGBC,Saturation,NaN,NaN,NaN,0.077,NaN,NaN,20,2003,NaN,NaN,60,-60,60,0,60,0,60
108,2014,https://doi.org/10.1039/C4TC00390J,10.2,48,4.7,C8H10,138.4,33.1,0.074,138.4,NaN,NaN,NaN,NaN,NaN,0.01,NaN,NaN,NaN,NaN,NaN,100,NaN,PET,CYTOP,2000,NaN,NaN,Au,30000,20,3.5,PEIE,Role to role,NaN,NaN,3,NaN,NaN,NaN,NaN,110,5,NaN,NaN,TGBC,Saturation,NaN,NaN,NaN,0.052,NaN,NaN,9.9,61,NaN,NaN,60,-60,60,0,60,0,60
109,2022,https://doi.org/10.1021/acsapm.2c00554,64.1,132.69,2.07,C6H5Cl,132,36.8,0.188,112.56,NaN,NaN,NaN,NaN,NaN,8,NaN,NaN,NaN,NaN,NaN,100,NaN,silicon wafer,CYTOP,550,NaN,NaN,Au,10000,20,3.9,PEIE,blade coating,NaN,NaN,0.02,NaN,NaN,parallel,NaN,110,1,Nitrogen,NaN,TGBC,Saturation,NaN,NaN,NaN,1.25,NaN,NaN,4.6,NaN,Nitrogen,NaN,60,-10,60,0,60,0,60
110,2022,https://doi.org/10.1021/acsapm.2c00554,64.1,132.69,2.07,C6H5Cl,132,36.8,0.188,112.56,NaN,NaN,NaN,NaN,NaN,8,PS,8,32.4,33.37,1.03,87.5,NaN,silicon wafer,CYTOP,550,NaN,NaN,Au,10000,20,3.9,PEIE,blade coating,NaN,NaN,0.02,NaN,NaN,parallel,NaN,110,1,Nitrogen,NaN,TGBC,Saturation,NaN,NaN,NaN,1.18,NaN,NaN,5.5,NaN,Nitrogen,NaN,60,-10,60,0,60,0,60
111,2022,https://doi.org/10.1021/acsapm.2c00554,64.1,132.69,2.07,C6H5Cl,132,36.8,0.188,112.56,NaN,NaN,NaN,NaN,NaN,8,PS,8,32.4,33.37,1.03,75,NaN,silicon wafer,CYTOP,550,NaN,NaN,Au,10000,20,3.9,PEIE,blade coating,NaN,NaN,0.02,NaN,NaN,parallel,NaN,110,1,Nitrogen,NaN,TGBC,Saturation,NaN,NaN,NaN,0.94,NaN,NaN,5.09,NaN,Nitrogen,NaN,60,-10,60,0,60,0,60
112,2022,https://doi.org/10.1021/acsapm.2c00554,64.1,132.69,2.07,C6H5Cl,132,36.8,0.188,112.56,NaN,NaN,NaN,NaN,NaN,8,PS,8,32.4,33.37,1.03,62.5,NaN,silicon wafer,CYTOP,550,NaN,NaN,Au,10000,20,3.9,PEIE,blade coating,NaN,NaN,0.02,NaN,NaN,parallel,NaN,110,1,Nitrogen,NaN,TGBC,Saturation,NaN,NaN,NaN,0.68,NaN,NaN,8.29,NaN,Nitrogen,NaN,60,-10,60,0,60,0,60
113,2022,https://doi.org/10.1021/acsapm.2c00554,64.1,132.69,2.07,C6H5Cl,132,36.8,0.188,112.56,NaN,NaN,NaN,NaN,NaN,8,PS,8,32.4,33.37,1.03,50,NaN,silicon wafer,CYTOP,550,NaN,NaN,Au,10000,20,3.9,PEIE,blade coating,NaN,NaN,0.02,NaN,NaN,parallel,NaN,110,1,Nitrogen,NaN,TGBC,Saturation,NaN,NaN,NaN,0.52,NaN,NaN,5.74,NaN,Nitrogen,NaN,60,-10,60,0,60,0,60
114,2022,https://doi.org/10.1021/acsapm.2c00554,64.1,132.69,2.07,C6H5Cl,132,36.8,0.188,112.56,NaN,NaN,NaN,NaN,NaN,8,PS,8,32.4,33.37,1.03,37.5,NaN,silicon wafer,CYTOP,550,NaN,NaN,Au,10000,20,3.9,PEIE,blade coating,NaN,NaN,0.02,NaN,NaN,parallel,NaN,110,1,Nitrogen,NaN,TGBC,Saturation,NaN,NaN,NaN,0.405,NaN,NaN,8.21,NaN,Nitrogen,NaN,60,-10,60,0,60,0,60
115,2022,https://doi.org/10.1021/acsapm.2c00554,64.1,132.69,2.07,C6H5Cl,132,36.8,0.188,112.56,NaN,NaN,NaN,NaN,NaN,8,PS,8,32.4,33.37,1.03,25,NaN,silicon wafer,CYTOP,550,NaN,NaN,Au,10000,20,3.9,PEIE,blade coating,NaN,NaN,0.02,NaN,NaN,parallel,NaN,110,1,Nitrogen,NaN,TGBC,Saturation,NaN,NaN,NaN,0.271,NaN,NaN,7.83,NaN,Nitrogen,NaN,60,-10,60,0,60,0,60
116,2022,https://doi.org/10.1021/acsapm.2c00554,64.1,132.69,2.07,C6H5Cl,132,36.8,0.188,112.56,NaN,NaN,NaN,NaN,NaN,8,PS,8,32.4,33.37,1.03,12.5,NaN,silicon wafer,CYTOP,550,NaN,NaN,Au,10000,20,3.9,PEIE,blade coating,NaN,NaN,0.02,NaN,NaN,parallel,NaN,110,1,Nitrogen,NaN,TGBC,Saturation,NaN,NaN,NaN,0.124,NaN,NaN,6.62,NaN,Nitrogen,NaN,60,-10,60,0,60,0,60
117,2022,https://doi.org/10.1021/acsapm.2c00554,64.1,132.69,2.07,C6H5Cl,132,36.8,0.188,112.56,NaN,NaN,NaN,NaN,NaN,8,PS,8,32.4,33.37,1.03,6.25,NaN,silicon wafer,CYTOP,550,NaN,NaN,Au,10000,20,3.9,PEIE,blade coating,NaN,NaN,0.02,NaN,NaN,parallel,NaN,110,1,Nitrogen,NaN,TGBC,Saturation,NaN,NaN,NaN,0.025,NaN,NaN,7.86,NaN,Nitrogen,NaN,60,-10,60,0,60,0,60
118,2022,https://doi.org/10.1021/acsapm.2c00554,64.1,132.69,2.07,C6H5Cl,132,36.8,0.188,112.56,NaN,NaN,NaN,NaN,NaN,8,PS,8,32.4,33.37,1.03,3.75,NaN,silicon wafer,CYTOP,550,NaN,NaN,Au,10000,20,3.9,PEIE,blade coating,NaN,NaN,0.02,NaN,NaN,parallel,NaN,110,1,Nitrogen,NaN,TGBC,Saturation,NaN,NaN,NaN,0.013,NaN,NaN,11.47,NaN,Nitrogen,NaN,60,-10,60,0,60,0,60
119,2022,https://doi.org/10.1021/acsapm.2c00554,64.1,132.69,2.07,C6H5Cl,132,36.8,0.188,112.56,NaN,NaN,NaN,NaN,NaN,8,PS,8,32.4,33.37,1.03,1.25,NaN,silicon wafer,CYTOP,550,NaN,NaN,Au,10000,20,3.9,PEIE,blade coating,NaN,NaN,0.02,NaN,NaN,parallel,NaN,110,1,Nitrogen,NaN,TGBC,Saturation,NaN,NaN,NaN,0.01,NaN,NaN,13.92,NaN,Nitrogen,NaN,60,-10,60,0,60,0,60
120,2022,https://doi.org/10.1021/acsapm.2c00554,64.1,132.69,2.07,C6H5Cl,132,36.8,0.188,112.56,NaN,NaN,NaN,NaN,NaN,8,PS,8,32.4,33.37,1.03,0.625,NaN,silicon wafer,CYTOP,550,NaN,NaN,Au,10000,20,3.9,PEIE,blade coating,NaN,NaN,0.02,NaN,NaN,parallel,NaN,110,1,Nitrogen,NaN,TGBC,Saturation,NaN,NaN,NaN,0.008,NaN,NaN,19.55,NaN,Nitrogen,NaN,60,-10,60,0,60,0,60
121,2022,https://doi.org/10.1021/acsapm.2c00554,64.1,132.69,2.07,C6H5Cl,132,36.8,0.188,112.56,NaN,NaN,NaN,NaN,NaN,8,PS,8,32.4,33.37,1.03,0.25,NaN,silicon wafer,CYTOP,550,NaN,NaN,Au,10000,20,3.9,PEIE,blade coating,NaN,NaN,0.02,NaN,NaN,parallel,NaN,110,1,Nitrogen,NaN,TGBC,Saturation,NaN,NaN,NaN,0.0012,NaN,NaN,17.35,NaN,Nitrogen,NaN,60,-10,60,0,60,0,60
122,2022,https://doi.org/10.1021/acsapm.2c00554,64.1,132.69,2.07,C6H5Cl,132,36.8,0.188,112.56,NaN,NaN,NaN,NaN,NaN,8,NaN,NaN,NaN,NaN,NaN,100,NaN,silicon wafer,CYTOP,550,NaN,NaN,Au,10000,20,3.9,PEIE,blade coating,NaN,NaN,0.02,NaN,NaN,parpendicular,NaN,110,1,Nitrogen,NaN,TGBC,Saturation,NaN,NaN,NaN,0.15,NaN,NaN,0.21,NaN,Nitrogen,NaN,60,-10,60,0,60,0,60
123,2022,https://doi.org/10.1021/acsapm.2c00554,64.1,132.69,2.07,C6H5Cl,132,36.8,0.188,112.56,NaN,NaN,NaN,NaN,NaN,8,PS,8,32.4,33.37,1.03,87.5,NaN,silicon wafer,CYTOP,550,NaN,NaN,Au,10000,20,3.9,PEIE,blade coating,NaN,NaN,0.02,NaN,NaN,parpendicular,NaN,110,1,Nitrogen,NaN,TGBC,Saturation,NaN,NaN,NaN,0.14,NaN,NaN,0.1,NaN,Nitrogen,NaN,60,-10,60,0,60,0,60
124,2022,https://doi.org/10.1021/acsapm.2c00554,64.1,132.69,2.07,C6H5Cl,132,36.8,0.188,112.56,NaN,NaN,NaN,NaN,NaN,8,PS,8,32.4,33.37,1.03,75,NaN,silicon wafer,CYTOP,550,NaN,NaN,Au,10000,20,3.9,PEIE,blade coating,NaN,NaN,0.02,NaN,NaN,parpendicular,NaN,110,1,Nitrogen,NaN,TGBC,Saturation,NaN,NaN,NaN,0.15,NaN,NaN,1.62,NaN,Nitrogen,NaN,60,-10,60,0,60,0,60
125,2022,https://doi.org/10.1021/acsapm.2c00554,64.1,132.69,2.07,C6H5Cl,132,36.8,0.188,112.56,NaN,NaN,NaN,NaN,NaN,8,PS,8,32.4,33.37,1.03,62.5,NaN,silicon wafer,CYTOP,550,NaN,NaN,Au,10000,20,3.9,PEIE,blade coating,NaN,NaN,0.02,NaN,NaN,parpendicular,NaN,110,1,Nitrogen,NaN,TGBC,Saturation,NaN,NaN,NaN,0.17,NaN,NaN,5.38,NaN,Nitrogen,NaN,60,-10,60,0,60,0,60
126,2022,https://doi.org/10.1021/acsapm.2c00554,64.1,132.69,2.07,C6H5Cl,132,36.8,0.188,112.56,NaN,NaN,NaN,NaN,NaN,8,PS,8,32.4,33.37,1.03,50,NaN,silicon wafer,CYTOP,550,NaN,NaN,Au,10000,20,3.9,PEIE,blade coating,NaN,NaN,0.02,NaN,NaN,parpendicular,NaN,110,1,Nitrogen,NaN,TGBC,Saturation,NaN,NaN,NaN,0.19,NaN,NaN,6.33,NaN,Nitrogen,NaN,60,-10,60,0,60,0,60
127,2022,https://doi.org/10.1021/acsapm.2c00554,64.1,132.69,2.07,C6H5Cl,132,36.8,0.188,112.56,NaN,NaN,NaN,NaN,NaN,8,PS,8,32.4,33.37,1.03,37.5,NaN,silicon wafer,CYTOP,550,NaN,NaN,Au,10000,20,3.9,PEIE,blade coating,NaN,NaN,0.02,NaN,NaN,parpendicular,NaN,110,1,Nitrogen,NaN,TGBC,Saturation,NaN,NaN,NaN,0.137,NaN,NaN,5.63,NaN,Nitrogen,NaN,60,-10,60,0,60,0,60
128,2022,https://doi.org/10.1021/acsapm.2c00554,64.1,132.69,2.07,C6H5Cl,132,36.8,0.188,112.56,NaN,NaN,NaN,NaN,NaN,8,PS,8,32.4,33.37,1.03,25,NaN,silicon wafer,CYTOP,550,NaN,NaN,Au,10000,20,3.9,PEIE,blade coating,NaN,NaN,0.02,NaN,NaN,parpendicular,NaN,110,1,Nitrogen,NaN,TGBC,Saturation,NaN,NaN,NaN,0.092,NaN,NaN,6.45,NaN,Nitrogen,NaN,60,-10,60,0,60,0,60
129,2022,https://doi.org/10.1021/acsapm.2c00554,64.1,132.69,2.07,C6H5Cl,132,36.8,0.188,112.56,NaN,NaN,NaN,NaN,NaN,8,PS,8,32.4,33.37,1.03,12.5,NaN,silicon wafer,CYTOP,550,NaN,NaN,Au,10000,20,3.9,PEIE,blade coating,NaN,NaN,0.02,NaN,NaN,parpendicular,NaN,110,1,Nitrogen,NaN,TGBC,Saturation,NaN,NaN,NaN,0.059,NaN,NaN,5.99,NaN,Nitrogen,NaN,60,-10,60,0,60,0,60
130,2022,https://doi.org/10.1021/acsapm.2c00554,64.1,132.69,2.07,C6H5Cl,132,36.8,0.188,112.56,NaN,NaN,NaN,NaN,NaN,8,PS,8,32.4,33.37,1.03,6.25,NaN,silicon wafer,CYTOP,550,NaN,NaN,Au,10000,20,3.9,PEIE,blade coating,NaN,NaN,0.02,NaN,NaN,parpendicular,NaN,110,1,Nitrogen,NaN,TGBC,Saturation,NaN,NaN,NaN,0.015,NaN,NaN,7.93,NaN,Nitrogen,NaN,60,-10,60,0,60,0,60
131,2022,https://doi.org/10.1021/acsapm.2c00554,64.1,132.69,2.07,C6H5Cl,132,36.8,0.188,112.56,NaN,NaN,NaN,NaN,NaN,8,PS,8,32.4,33.37,1.03,3.75,NaN,silicon wafer,CYTOP,550,NaN,NaN,Au,10000,20,3.9,PEIE,blade coating,NaN,NaN,0.02,NaN,NaN,parpendicular,NaN,110,1,Nitrogen,NaN,TGBC,Saturation,NaN,NaN,NaN,0.004,NaN,NaN,12.75,NaN,Nitrogen,NaN,60,-10,60,0,60,0,60
132,2022,https://doi.org/10.1021/acsapm.2c00554,64.1,132.69,2.07,C6H5Cl,132,36.8,0.188,112.56,NaN,NaN,NaN,NaN,NaN,8,PS,8,32.4,33.37,1.03,1.25,NaN,silicon wafer,CYTOP,550,NaN,NaN,Au,10000,20,3.9,PEIE,blade coating,NaN,NaN,0.02,NaN,NaN,parpendicular,NaN,110,1,Nitrogen,NaN,TGBC,Saturation,NaN,NaN,NaN,0.007,NaN,NaN,17.03,NaN,Nitrogen,NaN,60,-10,60,0,60,0,60
133,2022,https://doi.org/10.1021/acsapm.2c00554,64.1,132.69,2.07,C6H5Cl,132,36.8,0.188,112.56,NaN,NaN,NaN,NaN,NaN,8,PS,8,32.4,33.37,1.03,0.625,NaN,silicon wafer,CYTOP,550,NaN,NaN,Au,10000,20,3.9,PEIE,blade coating,NaN,NaN,0.02,NaN,NaN,parpendicular,NaN,110,1,Nitrogen,NaN,TGBC,Saturation,NaN,NaN,NaN,0.0198,NaN,NaN,22.4,NaN,Nitrogen,NaN,60,-10,60,0,60,0,60
134,2022,https://doi.org/10.1021/acsapm.2c00554,64.1,132.69,2.07,C6H5Cl,132,36.8,0.188,112.56,NaN,NaN,NaN,NaN,NaN,8,PS,8,32.4,33.37,1.03,0.25,NaN,silicon wafer,CYTOP,550,NaN,NaN,Au,10000,20,3.9,PEIE,blade coating,NaN,NaN,0.02,NaN,NaN,parpendicular,NaN,110,1,Nitrogen,NaN,TGBC,Saturation,NaN,NaN,NaN,0.0015,NaN,NaN,17.85,NaN,Nitrogen,NaN,60,-10,60,0,60,0,60
135,2022,https://doi.org/10.1021/acs.macromol.1c02329,57,171,3,CHCl3,61.2,39.1,0.259,119.38,NaN,NaN,NaN,NaN,NaN,5,NaN,NaN,NaN,NaN,NaN,100,NaN,glass,PMMA,750,NaN,NaN,Au,5600,80,3.4,NaN,blade coating,NaN,NaN,0.5,50,75,perpendicular,NaN,200,0.5,Nitrogen,NaN,TGBC,Saturation,NaN,NaN,NaN,0.25,NaN,NaN,NaN,NaN,Nitrogen,NaN,60,-10,60,0,60,0,60
136,2022,https://doi.org/10.1021/acs.macromol.1c02329,57,171,3,CHCl3,61.2,39.1,0.259,119.38,NaN,NaN,NaN,NaN,NaN,5,Ethylene glycol,NaN,NaN,NaN,NaN,99,NaN,glass,PMMA,750,NaN,NaN,Au,5600,80,3.4,NaN,blade coating,NaN,NaN,0.5,50,75,perpendicular,NaN,200,0.5,Nitrogen,NaN,TGBC,Saturation,NaN,NaN,NaN,0.69,NaN,NaN,NaN,NaN,Nitrogen,NaN,60,-10,60,0,60,0,60
137,2022,https://doi.org/10.1021/acs.macromol.1c02329,57,171,3,CHCl3,61.2,39.1,0.259,119.38,NaN,NaN,NaN,NaN,NaN,5,Ethylene glycol,NaN,NaN,NaN,NaN,98,NaN,glass,PMMA,750,NaN,NaN,Au,5600,80,3.4,NaN,blade coating,NaN,NaN,0.5,50,75,perpendicular,NaN,200,0.5,Nitrogen,NaN,TGBC,Saturation,NaN,NaN,NaN,1.15,NaN,NaN,NaN,NaN,Nitrogen,NaN,60,-10,60,0,60,0,60
138,2022,https://doi.org/10.1021/acs.macromol.1c02329,57,171,3,CHCl3,61.2,39.1,0.259,119.38,NaN,NaN,NaN,NaN,NaN,5,Ethylene glycol,NaN,NaN,NaN,NaN,97,NaN,glass,PMMA,750,NaN,NaN,Au,5600,80,3.4,NaN,blade coating,NaN,NaN,0.5,50,75,perpendicular,NaN,200,0.5,Nitrogen,NaN,TGBC,Saturation,NaN,NaN,NaN,1.21,NaN,NaN,NaN,NaN,Nitrogen,NaN,60,-10,60,0,60,0,60
139,2022,https://doi.org/10.1021/acs.macromol.1c02329,57,171,3,CHCl3,61.2,39.1,0.259,119.38,NaN,NaN,NaN,NaN,NaN,5,Ethylene glycol,NaN,NaN,NaN,NaN,96,NaN,glass,PMMA,750,NaN,NaN,Au,5600,80,3.4,NaN,blade coating,NaN,NaN,0.5,50,75,perpendicular,NaN,200,0.5,Nitrogen,NaN,TGBC,Saturation,NaN,NaN,NaN,0.96,NaN,NaN,NaN,NaN,Nitrogen,NaN,60,-10,60,0,60,0,60
140,2022,https://doi.org/10.1021/acs.macromol.1c02329,57,171,3,CHCl3,61.2,39.1,0.259,119.38,NaN,NaN,NaN,NaN,NaN,5,NaN,NaN,NaN,NaN,NaN,100,NaN,glass,PMMA,750,NaN,NaN,Au,5600,80,3.4,NaN,blade coating,NaN,NaN,0.5,50,75,parallel,NaN,200,0.5,Nitrogen,NaN,TGBC,Saturation,NaN,NaN,NaN,0.27,NaN,NaN,NaN,NaN,Nitrogen,NaN,60,-10,60,0,60,0,60
141,2022,https://doi.org/10.1021/acs.macromol.1c02329,57,171,3,CHCl3,61.2,39.1,0.259,119.38,NaN,NaN,NaN,NaN,NaN,5,Ethylene glycol,NaN,NaN,NaN,NaN,99,NaN,glass,PMMA,750,NaN,NaN,Au,5600,80,3.4,NaN,blade coating,NaN,NaN,0.5,50,75,parallel,NaN,200,0.5,Nitrogen,NaN,TGBC,Saturation,NaN,NaN,NaN,0.41,NaN,NaN,NaN,NaN,Nitrogen,NaN,60,-10,60,0,60,0,60
142,2022,https://doi.org/10.1021/acs.macromol.1c02329,57,171,3,CHCl3,61.2,39.1,0.259,119.38,NaN,NaN,NaN,NaN,NaN,5,Ethylene glycol,NaN,NaN,NaN,NaN,98,NaN,glass,PMMA,750,NaN,NaN,Au,5600,80,3.4,NaN,blade coating,NaN,NaN,0.5,50,75,parallel,NaN,200,0.5,Nitrogen,NaN,TGBC,Saturation,NaN,NaN,NaN,0.57,NaN,NaN,NaN,NaN,Nitrogen,NaN,60,-10,60,0,60,0,60
143,2022,https://doi.org/10.1021/acs.macromol.1c02329,57,171,3,CHCl3,61.2,39.1,0.259,119.38,NaN,NaN,NaN,NaN,NaN,5,Ethylene glycol,NaN,NaN,NaN,NaN,97,NaN,glass,PMMA,750,NaN,NaN,Au,5600,80,3.4,NaN,blade coating,NaN,NaN,0.5,50,75,parallel,NaN,200,0.5,Nitrogen,NaN,TGBC,Saturation,NaN,NaN,NaN,0.55,NaN,NaN,NaN,NaN,Nitrogen,NaN,60,-10,60,0,60,0,60
144,2022,https://doi.org/10.1021/acs.macromol.1c02329,57,171,3,CHCl3,61.2,39.1,0.259,119.38,NaN,NaN,NaN,NaN,NaN,5,Ethylene glycol,NaN,NaN,NaN,NaN,96,NaN,glass,PMMA,750,NaN,NaN,Au,5600,80,3.4,NaN,blade coating,NaN,NaN,0.5,50,75,parallel,NaN,200,0.5,Nitrogen,NaN,TGBC,Saturation,NaN,NaN,NaN,0.54,NaN,NaN,NaN,NaN,Nitrogen,NaN,60,-10,60,0,60,0,60
145,2022,https://doi.org/10.1021/acs.macromol.1c02329,57,171,3,CHCl3,61.2,39.1,0.259,119.38,NaN,NaN,NaN,NaN,NaN,5,NaN,NaN,NaN,NaN,NaN,100,NaN,glass,PMMA,750,NaN,NaN,Au,5600,80,3.4,NaN,Spin-Coating,2000,60,NaN,NaN,NaN,NaN,NaN,200,0.5,Nitrogen,NaN,TGBC,Saturation,NaN,NaN,NaN,0.33,NaN,NaN,NaN,NaN,Nitrogen,NaN,60,-10,60,0,60,0,60
146,2022,https://doi.org/10.1021/acs.macromol.1c02329,57,171,3,CHCl3,61.2,39.1,0.259,119.38,NaN,NaN,NaN,NaN,NaN,5,Ethylene glycol,NaN,NaN,NaN,NaN,99,NaN,glass,PMMA,750,NaN,NaN,Au,5600,80,3.4,NaN,Spin-Coating,2000,60,NaN,NaN,NaN,NaN,NaN,200,0.5,Nitrogen,NaN,TGBC,Saturation,NaN,NaN,NaN,0.5,NaN,NaN,NaN,NaN,Nitrogen,NaN,60,-10,60,0,60,0,60
147,2022,https://doi.org/10.1021/acs.macromol.1c02329,57,171,3,CHCl3,61.2,39.1,0.259,119.38,NaN,NaN,NaN,NaN,NaN,5,Ethylene glycol,NaN,NaN,NaN,NaN,98,NaN,glass,PMMA,750,NaN,NaN,Au,5600,80,3.4,NaN,Spin-Coating,2000,60,NaN,NaN,NaN,NaN,NaN,200,0.5,Nitrogen,NaN,TGBC,Saturation,NaN,NaN,NaN,0.52,NaN,NaN,NaN,NaN,Nitrogen,NaN,60,-10,60,0,60,0,60
148,2022,https://doi.org/10.1021/acs.macromol.1c02329,57,171,3,CHCl3,61.2,39.1,0.259,119.38,NaN,NaN,NaN,NaN,NaN,5,Ethylene glycol,NaN,NaN,NaN,NaN,97,NaN,glass,PMMA,750,NaN,NaN,Au,5600,80,3.4,NaN,Spin-Coating,2000,60,NaN,NaN,NaN,NaN,NaN,200,0.5,Nitrogen,NaN,TGBC,Saturation,NaN,NaN,NaN,0.61,NaN,NaN,NaN,NaN,Nitrogen,NaN,60,-10,60,0,60,0,60
149,2022,https://doi.org/10.1021/acs.macromol.1c02329,57,171,3,CHCl3,61.2,39.1,0.259,119.38,NaN,NaN,NaN,NaN,NaN,5,Ethylene glycol,NaN,NaN,NaN,NaN,96,NaN,glass,PMMA,750,NaN,NaN,Au,5600,80,3.4,NaN,Spin-Coating,2000,60,NaN,NaN,NaN,NaN,NaN,200,0.5,Nitrogen,NaN,TGBC,Saturation,NaN,NaN,NaN,0.59,NaN,NaN,NaN,NaN,Nitrogen,NaN,60,-10,60,0,60,0,60
150,2020,https://doi.org/10.1038/s41598-020-60812-x,NaN,NaN,NaN,CHCl3,61.2,39.1,0.259,119.38,NaN,NaN,NaN,NaN,NaN,1,NaN,NaN,NaN,NaN,NaN,100,NaN,silicon wafer,SiO2,NaN,NaN,NaN,Au,2000,20,NaN,OTS,drop cast,NaN,NaN,NaN,NaN,NaN,NaN,NaN,200,4,Vacuum,Ambient,BGBC,Saturation,NaN,NaN,NaN,0.03,NaN,NaN,33.9,100,Ambient,NaN,100,0,100,0,80,0,60
151,2019,DOI: 10.1002/adfm.201807786,NaN,NaN,NaN,C10H7Cl,259.3,37,0.194,162.62,NaN,NaN,NaN,NaN,NaN,10,NaN,NaN,NaN,NaN,NaN,100,NaN,glass,PPMA,500,NaN,NaN,Au,NaN,NaN,NaN,NaN,Spin-Coating,1000,60,NaN,NaN,NaN,NaN,25,200,0.5,Nitrogen,NaN,TGBC,Saturation,NaN,NaN,NaN,0.04,NaN,NaN,8.85,1000,Nitrogen,NaN,60,-10,60,0,60,0,60
152,2019,DOI: 10.1002/adfm.201807786,NaN,NaN,NaN,C10H7Cl,259.3,37,0.194,162.62,NaN,NaN,NaN,NaN,NaN,10,NaN,NaN,NaN,NaN,NaN,100,NaN,glass,PPMA,500,NaN,NaN,Au,NaN,NaN,NaN,NaN,Spin-Coating,1000,60,NaN,NaN,NaN,NaN,60,200,0.5,Nitrogen,NaN,TGBC,Saturation,NaN,NaN,NaN,0.11,NaN,NaN,11.49,10000,Nitrogen,NaN,60,-10,60,0,60,0,60
153,2019,DOI: 10.1002/adfm.201807786,NaN,NaN,NaN,C10H7Cl,259.3,37,0.194,162.62,NaN,NaN,NaN,NaN,NaN,10,NaN,NaN,NaN,NaN,NaN,100,NaN,glass,PPMA,500,NaN,NaN,Au,NaN,NaN,NaN,NaN,Spin-Coating,1000,60,NaN,NaN,NaN,NaN,80,200,0.5,Nitrogen,NaN,TGBC,Saturation,NaN,NaN,NaN,0.85,NaN,NaN,21.85,5500,Nitrogen,NaN,60,-10,60,0,60,0,60
154,2019,DOI: 10.1002/adfm.201807786,NaN,NaN,NaN,C10H7Cl,259.3,37,0.194,162.62,NaN,NaN,NaN,NaN,NaN,10,NaN,NaN,NaN,NaN,NaN,100,NaN,glass,PPMA,500,NaN,NaN,Au,NaN,NaN,NaN,NaN,Spin-Coating,1000,60,NaN,NaN,NaN,NaN,100,200,0.5,Nitrogen,NaN,TGBC,Saturation,NaN,NaN,NaN,3.43,NaN,NaN,15.22,10000,Nitrogen,NaN,60,-10,60,0,60,0,60
155,2019,DOI: 10.1002/adfm.201807786,NaN,NaN,NaN,C10H7Cl,259.3,37,0.194,162.62,NaN,NaN,NaN,NaN,NaN,10,NaN,NaN,NaN,NaN,NaN,100,NaN,glass,PPMA,500,NaN,NaN,Au,NaN,NaN,NaN,NaN,Spin-Coating,1000,60,NaN,NaN,NaN,NaN,120,200,0.5,Nitrogen,NaN,TGBC,Saturation,NaN,NaN,NaN,0.96,NaN,NaN,24.08,5500,Nitrogen,NaN,60,-10,60,0,60,0,60
156,2019,DOI: 10.1002/adfm.201807786,NaN,NaN,NaN,C10H7Cl,259.3,37,0.194,162.62,NaN,NaN,NaN,NaN,NaN,10,NaN,NaN,NaN,NaN,NaN,100,NaN,glass,PPMA,500,NaN,NaN,Au,NaN,NaN,NaN,NaN,Spin-Coating,1000,60,NaN,NaN,NaN,NaN,150,200,0.5,Nitrogen,NaN,TGBC,Saturation,NaN,NaN,NaN,0.45,NaN,NaN,21.5,5500,Nitrogen,NaN,60,-10,60,0,60,0,60
